Question (français);Réponse courte (français);Essentiel à retenir (français);Essentiel à retenir (中文);Explication détaillée (français);中文详细解释;Formulation proche du cours (français);原文对应解释（中文）;Mots-clés;Piège possible
Pourquoi la gestion des reprises est-elle cruciale dans un texte ?;Parce que des reprises mal gérées gênent la lecture et peuvent produire une mauvaise compréhension ou une mauvaise évaluation du texte.;"Point principal : la reprise assure la clarté globale du texte ; détail : si elle est floue, le lecteur doit relire.";核心：指代（reprise）决定文本是否清晰；细节：指代不清会让读者反复回读，影响理解与评价。;Le cours insiste dès l’introduction sur l’impact concret des reprises : elles relient les informations entre elles. Quand le lien entre l’élément repris et son antécédent est mal construit, la cohérence chute immédiatement. Le lecteur hésite sur « de qui / de quoi » on parle, ce qui ralentit la lecture et fragilise l’argumentation.;课程开篇强调：指代不仅是语法问题，更是阅读加工问题。读者需要快速把代词或名词回连到前文先行词。若回连失败，工作记忆负担上升，理解速度下降，文本说服力也会变弱。;« les problèmes de reprise peuvent gêner considérablement la lecture et conduire à une mauvaise compréhension ou une mauvaise évaluation de votre texte »;原文这句话的意思是：指代问题会直接造成“读不顺 + 读不懂 + 评价变差”。这不是小错误，而是影响整篇作业质量的核心问题。;"reprise;clarté;compréhension;évaluation;cohérence";Croire qu’une reprise est un simple détail stylistique sans effet sur le sens global.
Quel risque majeur apparaît quand une reprise pronominale n’est pas reliée immédiatement à son antécédent ?;Un risque d’ambiguïté : le lecteur ne sait pas exactement ce qui est repris.;"Point principal : une reprise doit être immédiatement interprétable ; détail : sinon le lecteur relit plusieurs fois.";核心：代词指代必须能被立刻识别；细节：否则读者会反复重读才能勉强理解。;Dans les reprises pronominales, la rapidité d’identification est essentielle. Si le lecteur ne peut pas associer rapidement le pronom à son antécédent, il perd le fil thématique. Cette ambiguïté est particulièrement pénalisante dans les copies universitaires où la précision référentielle est attendue.;代词（如 il/elle）本身信息少，必须依靠上下文确定所指。课程强调“不能马上连回先行词”就会产生歧义。对大学写作来说，这会被视为表达不严谨。;« Quand on ne peut pas relier immédiatement la reprise à ce qu'elle reprend (...), il y a un risque d'ambiguïté »;对应意思：如果代词和先行词之间的连接不直接，读者就不知道文本正在谈谁/谈什么。;"reprise pronominale;antécédent;ambiguïté;lisibilité";Penser que le lecteur devinera forcément le bon antécédent.
Pourquoi les pronoms il(s)/elle(s) créent-ils souvent des ambiguïtés ?;Parce qu’ils peuvent renvoyer à plusieurs éléments de même genre et de même nombre.;"Point principal : éviter plusieurs antécédents concurrents ; détail : proximité et fonction sujet peuvent entrer en concurrence.";核心：同一性别/数的多个名词会竞争同一个代词；细节：最近名词和主语都可能被误解为先行词。;Le cours montre que il(s)/elle(s) peuvent reprendre soit l’élément le plus proche compatible, soit un autre élément saillant (souvent sujet, surtout humain/animé). Quand deux interprétations restent plausibles, le lecteur ne peut pas trancher avec certitude : la phrase devient structurellement ambiguë.;在法语中，代词的性数匹配常不足以唯一定位先行词。若前文有两个都匹配的名词，读者会在“就近解释”和“语义显著项（如主语/人物）”之间摇摆，导致歧义。;« les pronoms il(s) / elle(s) peuvent reprendre soit l'élément le plus proche (...), soit l'élément sujet »;原文强调：il/elle 不一定只指最近名词，也可能指主语，所以会出现双重解读。;"il;elle;antécédents concurrents;proximité;sujet";Utiliser il/elle après deux personnages sans désambiguïsation.
Comment réduire l’ambiguïté quand plusieurs antécédents sont possibles ?;Employer des reprises plus ciblées (celui-ci, ce dernier) ou répéter le nom.;"Point principal : privilégier une reprise qui pointe clairement ; détail : la répétition nominale est une solution valide.";核心：用更“指向明确”的形式；细节：必要时直接重复名词比硬用代词更清楚。;Le module propose deux stratégies. 1) Remplacer il/elle par une forme plus guidante (celui-ci, ce dernier) si la position référentielle est claire. 2) En cas de doute, répéter l’élément lexical (« ces établissements », « ce discours »). Cette répétition n’est pas une faute : elle sert la précision.;减少歧义有两条路：一是换成指向性更强的表达（如 ce dernier）；二是直接名词复现。课程明确说复现可以接受，因为它优先保证理解准确性。;« Pour résoudre l'ambiguïté, on a toujours la possibilité de répéter le mot repris »;原文意思：当代词不稳妥时，重复原词是始终可用的“安全策略”。;"désambiguïsation;celui-ci;ce dernier;répétition nominale";Éviter toute répétition par principe, même quand elle est nécessaire.
Quelle règle d’usage faut-il respecter avec « ce dernier » ?;« Ce dernier » doit renvoyer à l’élément situé juste avant lui.;"Point principal : « ce dernier » exige un antécédent immédiatement précédent ; détail : sinon l’expression est mal employée.";核心：ce dernier 必须回指紧邻前项；细节：若前项并非目标对象，就属于误用。;"Le cours signale explicitement un mésusage fréquent : employer « ce dernier » pour renvoyer à une idée plus lointaine. Cette forme est déictique dans la micro-structure immédiate de l’énoncé ; elle n’est pas faite pour des renvois vagues. En cas de distance, on préfère un nom lexical explicite.";ce dernier 的使用条件很严格：它不是“随便指前文某个东西”，而是通常指“刚刚提到的最后一个元素”。若目标不是紧邻项，应改成明确名词（如 ce discours）。;« Ce dernier doit être convenablement employé et renvoyer à un élément situé juste avant lui »;对应解释：ce dernier 的可接受性取决于“最近距离回指”，不是作者主观觉得“读者能猜到”就可以。;"ce dernier;antécédent immédiat;précision";Utiliser « ce dernier » alors que l’antécédent visé n’est pas le dernier élément mentionné.
Qu’exige une reprise pronominale correcte quant à l’antécédent ?;Un antécédent explicitement présent et identifiable dans le texte.;"Point principal : pas de pronom sans référent textuel clair ; détail : vérifier qu’un groupe nominal compatible existe réellement.";核心：代词必须有文本中明确可定位的先行词；细节：要检查前文是否真有匹配名词短语。;Le cours refuse les reprises « flottantes ». Avant d’écrire elle/il, il faut pouvoir montrer le GN source dans le contexte proche. Si ce GN manque ou ne correspond pas à l’idée visée, la phrase devient incohérente, même si la grammaire locale semble correcte.;所谓“可识别先行词”就是：读者能在前文找到一个明确名词，并自然地把代词连回去。若找不到，代词就是悬空指代，属于连贯性错误。;« Une reprise pronominale doit toujours pouvoir être mise en relation avec un antécédent explicitement présent dans le texte »;原文要求：先行词必须“在文本里出现且可被识别”，不能靠读者脑补。;"antécédent explicite;référent;cohérence";Employer un pronom pour une idée implicite non formulée en nom.
Quelle contrainte morphosyntaxique doit respecter une reprise pronominale ou possessive ?;Elle doit respecter le genre et le nombre de l’antécédent.;"Point principal : accord genre/nombre obligatoire ; détail : vigilance accrue avec les noms collectifs ou génériques.";核心：代词/物主限定词必须与先行词性数一致；细节：集合名词、泛指名词最容易出错。;Le module rappelle que les reprises par pronoms (il, elle, lui, leur...) et déterminants possessifs (son, sa, ses...) doivent être accordées avec l’élément repris. Les écarts peuvent parfois être tolérés dans des textes littéraires, mais sont considérés comme maladresses dans les copies étudiantes.;课程把“性数一致”视为基础规范。像 le peuple 这种语义上“多人”、语法上“单数”的词最容易触发错误。文学语料里偶见“语义一致”用法，但学术写作应遵循规范一致。;« doivent respecter le genre et le nombre de l'élément repris (antécédent) »;对应意思：法语写作优先遵守语法一致，不可只按“意思上复数”来随意用复数代词。;"accord;genre;nombre;pronom;possessif";Accorder selon le sens perçu (collectif) au lieu d’accorder selon la forme grammaticale attendue.
Dans quel cas l’usage de « cela » est-il acceptable selon le cours ?;Quand on reprend un contenu large difficile à résumer en un seul nom.;"Point principal : éviter « cela » quand un nom précis est possible ; détail : l’utiliser pour une proposition entière complexe.";核心：能用具体名词就不要用 cela；细节：当回指整句/复杂命题时，cela 才较合适。;Le cours conseille d’éviter « cela » car ce pronom est peu informatif. Il devient pertinent quand l’antécédent est propositionnel (idée large, mécanisme, relation) et qu’une nominalisation unique trahirait le sens. On peut alors garder « cela » ou choisir une reformulation nominale adéquate si elle reste fidèle.;cela 信息密度低，常让文本变“空”。但如果前文是一个复杂判断（不是单一实体），强行名词化可能失真，此时用 cela 可以保留语义宽度。关键是“准确优先于花哨”。;« Il faut éviter (...) cela, qui manque de précision. On ne peut le faire que quand on veut reprendre un contenu large »;原文并非绝对禁止 cela，而是要求：只有在“回指范围很大、难以单名词概括”时才使用。;"cela;précision;contenu large;nominalisation";Employer « cela » pour remplacer presque n’importe quel nom concret.
Qu’est-ce qu’une reprise nominale fidèle ?;C’est la reprise du même nom avec changement éventuel de déterminant.;"Point principal : même noyau nominal ; détail : le déterminant peut varier selon l’avancée du texte.";核心：名词核心不变；细节：限定词可变（如 un → ce）以反映信息状态变化。;Dans l’exemple « un marchand ... ce marchand », le référent reste identique et le lexème central est conservé. Cette fidélité lexicale stabilise la référence et facilite le suivi thématique, surtout en phase d’introduction d’un personnage ou d’un concept.;“忠实复现”就是用同一个名词再次指称同一对象，只调整限定词。这样能降低读者的解析成本，特别适合在段落初期建立稳定主题。;« Ce marchand reprend un marchand : seul le déterminant change. On appelle cette reprise une “reprise fidèle”. »;对应意思：复现的关键在于“同名词同所指”，因此读者几乎不会误解。;"reprise nominale;reprise fidèle;déterminant;thème";Confondre reprise fidèle et simple répétition maladroite : ici la répétition est fonctionnelle.
Que permet une reprise nominale avec un nom différent ?;Elle reprend le même référent en apportant un nouvel angle de description.;"Point principal : reprise + requalification ; détail : elle peut enrichir la représentation du référent.";核心：同一对象可用不同名词重述；细节：这种改称能增加描述信息或视角。;Quand le texte passe d’un nom à un autre (« Grímsey » → « cette langue de terre »), il maintient la référence tout en ajoutant une caractérisation. Cette technique peut améliorer la progression informative, à condition que le lien référentiel reste évident.;换名复现不是换对象，而是“同对象的再命名”。它常用于补充属性（形状、功能、地位等）。若连接不明显，读者会误以为出现了新对象。;"« Reprendre avec un nom différent » ; « Cette langue de terre reprend (...) Grímsey »";原文说明：不同名词也可以是同一所指，只要上下文能清楚建立对应关系。;"requalification;référent;nom différent;progression";Introduire un nouveau nom sans balise contextuelle claire, ce qui fait perdre le référent.
Comment une reprise peut-elle résumer un contenu textuel plus large qu’un nom ?;En nominalisant une action ou un processus précédent (ex. « ce stratagème », « l’opération »).;"Point principal : une reprise peut condenser une phrase entière ; détail : elle reformule le contenu avec un nom-cadre.";核心：指代不只回指“名词”，也可概括整段动作/事件；细节：通过名词化实现压缩与组织。;Le cours montre des reprises qui ne visent pas un simple GN, mais un bloc informationnel antérieur. Cette condensation permet d’avancer dans l’argumentation sans répéter toute la séquence initiale. Elle doit toutefois rester fidèle au sens du passage résumé.;当先行内容是“事件链”而非单一实体时，可用名词（如 stratagème/opération）做概括回指。这种做法有助于篇章推进，但必须避免过度改写导致意义偏移。;« Ces reprises résument un contenu précédemment énoncé. On peut ainsi reprendre une phrase, une portion de phrase, un paragraphe. »;对应解释：复现单位可以很大，不限于词组；关键是“概括后仍忠于原意”。;"contenu textuel;nominalisation;résumé;reprise";Choisir un nom-résumé qui change l’évaluation ou le sens de l’énoncé initial.
Quel rôle des reprises dans la cohérence textuelle est mis en avant ?;Elles assurent la continuité thématique et soutiennent la progression de l’information.;"Point principal : continuité + progression ; détail : une reprise peut maintenir le thème ou lancer un nouveau thème.";核心：复现同时服务“主题连续”和“信息推进”；细节：既可维持旧主题，也可引出新主题。;Le texte explique qu’un écrit cohérent ne juxtapose pas des phrases isolées : il enchaîne des unités informatives. Les reprises servent de charnières cognitives entre ancien et nouveau. Selon leur choix, l’auteur stabilise le sujet de discours ou opère une transition thématique.;篇章连贯依赖“已知信息→新信息”的组织。复现就是连接器：把前文已建立对象带入下一句，再添加新内容。没有这个机制，文本会像断裂的句子集合。;"« continuité thématique » ; « assurer la continuité et la progression de l'information »";原文强调：复现不仅维持同一话题，还推动信息向前展开。;"cohérence;continuité thématique;progression;information";Multiplier les reprises sans apporter d’information nouvelle (stagnation du texte).
Pourquoi dit-on que les reprises expriment aussi un point de vue ?;Parce que choisir un terme de reprise, c’est déjà qualifier/interpréter le référent.;"Point principal : la reprise n’est pas neutre ; détail : le mot choisi peut orienter l’évaluation du lecteur.";核心：复现词具有立场性；细节：不同称呼会影响读者评价与理解方向。;En remplaçant un élément par un autre terme, on ne fait pas qu’éviter la répétition : on attribue une perspective (plus neutre, critique, technique, valorisante, etc.). Le cours relie donc reprises et visée argumentative : les choix référentiels participent à la construction du point de vue.;同一对象被称为不同词时，读者感受到的“态度”会变化。复现因此属于论证资源：它在维持连贯的同时，悄悄引导价值判断。;"« exprimer des points de vue » ; « participer à la visée argumentative du texte »";对应意思：指代选择不仅管连贯，还服务论证目标与作者立场表达。;"point de vue;argumentation;désignation;évaluation";Croire que toutes les reprises sont stylistiquement équivalentes et neutres.
Dans un résumé, faut-il privilégier répétition nominale ou reprises pronominales ?;Il faut arbitrer : la répétition favorise la clarté, les pronoms favorisent l’unité mais peuvent perdre le lecteur.;"Point principal : choisir selon lisibilité ; détail : trop de pronoms accroît le risque de décrochage référentiel.";核心：摘要中要在“清晰”与“紧凑”间平衡；细节：代词过多会让读者失去所指追踪。;"Le cours compare deux résumés de Constant : l’un répète « le pouvoir » et reste très clair ; l’autre multiplie les reprises pronominales et gagne en unité formelle, mais devient plus risqué pour la compréhension. La bonne stratégie dépend donc de la charge référentielle du passage.";课程通过对比指出：名词重复不一定差，反而能稳住核心概念；代词链虽然更“省词”，但若链条太长，读者会忘记每个代词到底指什么。;« [les reprises pronominales] garantissent l'unité du résumé, mais au risque de perdre le lecteur »;对应解释：摘要写作不能只追求不重复，必须优先保证读者能持续定位核心概念。;"résumé;répétition;pronom;clarté;unité";Éviter toute répétition conceptuelle dans un résumé dense.
Pourquoi la répétition peut-elle être recommandée dans certains écrits spécialisés ?;Parce qu’elle évite les ambiguïtés nuisibles à la progression de la pensée.;"Point principal : en contexte spécialisé, la précision prévaut ; détail : répéter peut être préférable à varier.";核心：专业写作里“准确”优先于“词汇变化”；细节：适度重复能避免歧义。;Le cours nuance la règle anti-répétition : dans des écrits techniques (presse spécialisée, rapports, notes de synthèse, circulaires), la constance terminologique sécurise l’interprétation. Une variation lexicale mal maîtrisée peut introduire des faux glissements de sens.;很多学生以为“避免重复=写得好”，课程纠正了这一点。专业文本强调术语稳定，重复同一关键词可减少误读，保证论证链和逻辑链一致。;« Il vaut mieux dans ce cas répéter afin d'éviter toute ambiguïté »;原文意思：在专业语境中，重复不是贫乏，而是对读者负责的清晰策略。;"écrits spécialisés;précision;répétition;ambiguïté";Appliquer mécaniquement la règle « ne jamais répéter » à tous les genres de textes.
Quel rôle structurant des reprises est mentionné en fin de module ?;Elles articulent les mouvements du texte, notamment en début ou en fin de paragraphe.;"Point principal : les reprises structurent aussi la macro-organisation ; détail : leur position dans le paragraphe a une fonction d’articulation.";核心：复现不仅管句内衔接，也参与段落层面的结构组织；细节：段首/段尾位置尤其关键。;La conclusion rappelle que le texte est une structure spatialisée (paragraphes), pas seulement une suite linéaire de phrases. Les reprises placées à des positions stratégiques servent de balises de transition et de clôture, ce qui aide à lire la dynamique argumentative globale.;篇章是分层结构。复现在段首可承接上段并引入新展开，在段尾可总结并准备过渡。它们像“结构信号”，帮助读者把握整体论证路径。;« Les reprises jouent aussi un rôle structurant, en apparaissant en début ou en fin de paragraphe »;对应意思：复现是段落组织工具，不只是避免重复的语言技巧。;"structure;textes;paragraphes;articulation;reprises";Ne travailler la reprise qu’au niveau phrase, sans penser à l’architecture du texte.
